{
  "hash": "50eacc9f",
  "configHash": "0a8e90fe",
  "lockfileHash": "459e2763",
  "browserHash": "7425e892",
  "optimized": {
    "@angular/common": {
      "src": "../../../../../node_modules/@angular/common/fesm2022/common.mjs",
      "file": "@angular_common.js",
      "fileHash": "bd8224fc",
      "needsInterop": false
    },
    "@angular/common/http": {
      "src": "../../../../../node_modules/@angular/common/fesm2022/http.mjs",
      "file": "@angular_common_http.js",
      "fileHash": "137cfed2",
      "needsInterop": false
    },
    "@angular/core": {
      "src": "../../../../../node_modules/@angular/core/fesm2022/core.mjs",
      "file": "@angular_core.js",
      "fileHash": "ab81d9be",
      "needsInterop": false
    },
    "@angular/forms": {
      "src": "../../../../../node_modules/@angular/forms/fesm2022/forms.mjs",
      "file": "@angular_forms.js",
      "fileHash": "e092f121",
      "needsInterop": false
    },
    "@angular/platform-browser": {
      "src": "../../../../../node_modules/@angular/platform-browser/fesm2022/platform-browser.mjs",
      "file": "@angular_platform-browser.js",
      "fileHash": "225a77ef",
      "needsInterop": false
    },
    "@angular/router": {
      "src": "../../../../../node_modules/@angular/router/fesm2022/router.mjs",
      "file": "@angular_router.js",
      "fileHash": "92827ffa",
      "needsInterop": false
    }
  },
  "chunks": {
    "chunk-2UAL7OLN": {
      "file": "chunk-2UAL7OLN.js"
    },
    "chunk-IRHLJXVV": {
      "file": "chunk-IRHLJXVV.js"
    },
    "chunk-KG3Q3M37": {
      "file": "chunk-KG3Q3M37.js"
    },
    "chunk-WG2VQCO5": {
      "file": "chunk-WG2VQCO5.js"
    }
  }
}