{
  "hash": "ce49d4dd",
  "configHash": "88f0cff4",
  "lockfileHash": "fa7aace6",
  "browserHash": "32ca633e",
  "optimized": {
    "@angular/core": {
      "src": "../../../../../node_modules/@angular/core/fesm2022/core.mjs",
      "file": "@angular_core.js",
      "fileHash": "d69d21ac",
      "needsInterop": false
    },
    "@angular/forms": {
      "src": "../../../../../node_modules/@angular/forms/fesm2022/forms.mjs",
      "file": "@angular_forms.js",
      "fileHash": "962e852d",
      "needsInterop": false
    },
    "@angular/platform-browser": {
      "src": "../../../../../node_modules/@angular/platform-browser/fesm2022/platform-browser.mjs",
      "file": "@angular_platform-browser.js",
      "fileHash": "142d4a8a",
      "needsInterop": false
    },
    "@angular/platform-server": {
      "src": "../../../../../node_modules/@angular/platform-server/fesm2022/platform-server.mjs",
      "file": "@angular_platform-server.js",
      "fileHash": "f271bc97",
      "needsInterop": false
    },
    "@angular/router": {
      "src": "../../../../../node_modules/@angular/router/fesm2022/router.mjs",
      "file": "@angular_router.js",
      "fileHash": "ac1f7887",
      "needsInterop": false
    }
  },
  "chunks": {
    "chunk-6AZVI52A": {
      "file": "chunk-6AZVI52A.js"
    },
    "chunk-AVVMBAEB": {
      "file": "chunk-AVVMBAEB.js"
    },
    "chunk-VAMGWXBZ": {
      "file": "chunk-VAMGWXBZ.js"
    },
    "xhr2-AQ42KH57": {
      "file": "xhr2-AQ42KH57.js"
    },
    "chunk-NQ4HTGF6": {
      "file": "chunk-NQ4HTGF6.js"
    }
  }
}