{
  "hash": "4b6edde3",
  "configHash": "a62250c2",
  "lockfileHash": "459e2763",
  "browserHash": "676d5c4c",
  "optimized": {
    "@angular/common": {
      "src": "../../../../../node_modules/@angular/common/fesm2022/common.mjs",
      "file": "@angular_common.js",
      "fileHash": "d826a99f",
      "needsInterop": false
    },
    "@angular/common/http": {
      "src": "../../../../../node_modules/@angular/common/fesm2022/http.mjs",
      "file": "@angular_common_http.js",
      "fileHash": "e1f871ff",
      "needsInterop": false
    },
    "@angular/core": {
      "src": "../../../../../node_modules/@angular/core/fesm2022/core.mjs",
      "file": "@angular_core.js",
      "fileHash": "185dc574",
      "needsInterop": false
    },
    "@angular/forms": {
      "src": "../../../../../node_modules/@angular/forms/fesm2022/forms.mjs",
      "file": "@angular_forms.js",
      "fileHash": "efc23815",
      "needsInterop": false
    },
    "@angular/platform-browser": {
      "src": "../../../../../node_modules/@angular/platform-browser/fesm2022/platform-browser.mjs",
      "file": "@angular_platform-browser.js",
      "fileHash": "d7a8eda9",
      "needsInterop": false
    },
    "@angular/platform-server": {
      "src": "../../../../../node_modules/@angular/platform-server/fesm2022/platform-server.mjs",
      "file": "@angular_platform-server.js",
      "fileHash": "11dc54c8",
      "needsInterop": false
    },
    "@angular/router": {
      "src": "../../../../../node_modules/@angular/router/fesm2022/router.mjs",
      "file": "@angular_router.js",
      "fileHash": "a847169a",
      "needsInterop": false
    }
  },
  "chunks": {
    "chunk-BSDLFRB5": {
      "file": "chunk-BSDLFRB5.js"
    },
    "chunk-IKA6W2JH": {
      "file": "chunk-IKA6W2JH.js"
    },
    "chunk-ZZL5DRIU": {
      "file": "chunk-ZZL5DRIU.js"
    },
    "chunk-J7UDIJ64": {
      "file": "chunk-J7UDIJ64.js"
    },
    "xhr2-4LJXZTTP": {
      "file": "xhr2-4LJXZTTP.js"
    },
    "chunk-NQ4HTGF6": {
      "file": "chunk-NQ4HTGF6.js"
    }
  }
}