{
  "hash": "456fac5d",
  "configHash": "4cef885b",
  "lockfileHash": "d9962e3d",
  "browserHash": "87907698",
  "optimized": {
    "@angular/common/http": {
      "src": "../../../../../node_modules/@angular/common/fesm2022/http.mjs",
      "file": "@angular_common_http.js",
      "fileHash": "64d8c381",
      "needsInterop": false
    },
    "@angular/core": {
      "src": "../../../../../node_modules/@angular/core/fesm2022/core.mjs",
      "file": "@angular_core.js",
      "fileHash": "5c1bb7fe",
      "needsInterop": false
    },
    "@angular/forms": {
      "src": "../../../../../node_modules/@angular/forms/fesm2022/forms.mjs",
      "file": "@angular_forms.js",
      "fileHash": "643d1875",
      "needsInterop": false
    },
    "@angular/platform-browser": {
      "src": "../../../../../node_modules/@angular/platform-browser/fesm2022/platform-browser.mjs",
      "file": "@angular_platform-browser.js",
      "fileHash": "6106bf74",
      "needsInterop": false
    },
    "@angular/router": {
      "src": "../../../../../node_modules/@angular/router/fesm2022/router.mjs",
      "file": "@angular_router.js",
      "fileHash": "38324e91",
      "needsInterop": false
    },
    "@angular/common": {
      "src": "../../../../../node_modules/@angular/common/fesm2022/common.mjs",
      "file": "@angular_common.js",
      "fileHash": "59f8f5e2",
      "needsInterop": false
    }
  },
  "chunks": {
    "chunk-QCSZ6SIK": {
      "file": "chunk-QCSZ6SIK.js"
    },
    "chunk-BHA3TXVS": {
      "file": "chunk-BHA3TXVS.js"
    },
    "chunk-I57INRUT": {
      "file": "chunk-I57INRUT.js"
    },
    "chunk-3XWGUD7K": {
      "file": "chunk-3XWGUD7K.js"
    }
  }
}