{
  "hash": "10c41c40",
  "configHash": "c2951a62",
  "lockfileHash": "fa7aace6",
  "browserHash": "53f9b57f",
  "optimized": {
    "@angular/core": {
      "src": "../../../../../node_modules/@angular/core/fesm2022/core.mjs",
      "file": "@angular_core.js",
      "fileHash": "37b907fd",
      "needsInterop": false
    },
    "@angular/forms": {
      "src": "../../../../../node_modules/@angular/forms/fesm2022/forms.mjs",
      "file": "@angular_forms.js",
      "fileHash": "47d87765",
      "needsInterop": false
    },
    "@angular/platform-browser": {
      "src": "../../../../../node_modules/@angular/platform-browser/fesm2022/platform-browser.mjs",
      "file": "@angular_platform-browser.js",
      "fileHash": "8ecb8fba",
      "needsInterop": false
    },
    "@angular/router": {
      "src": "../../../../../node_modules/@angular/router/fesm2022/router.mjs",
      "file": "@angular_router.js",
      "fileHash": "d093ff8f",
      "needsInterop": false
    }
  },
  "chunks": {
    "chunk-FT65USBN": {
      "file": "chunk-FT65USBN.js"
    },
    "chunk-HQYPUOKR": {
      "file": "chunk-HQYPUOKR.js"
    },
    "chunk-PBKKMZF6": {
      "file": "chunk-PBKKMZF6.js"
    }
  }
}