{
  "hash": "61ad4ea1",
  "configHash": "cb8eec46",
  "lockfileHash": "d9962e3d",
  "browserHash": "b68c59bc",
  "optimized": {
    "@angular/common": {
      "src": "../../../../../node_modules/@angular/common/fesm2022/common.mjs",
      "file": "@angular_common.js",
      "fileHash": "1b0ce638",
      "needsInterop": false
    },
    "@angular/common/http": {
      "src": "../../../../../node_modules/@angular/common/fesm2022/http.mjs",
      "file": "@angular_common_http.js",
      "fileHash": "36377c9e",
      "needsInterop": false
    },
    "@angular/core": {
      "src": "../../../../../node_modules/@angular/core/fesm2022/core.mjs",
      "file": "@angular_core.js",
      "fileHash": "584e93b5",
      "needsInterop": false
    },
    "@angular/forms": {
      "src": "../../../../../node_modules/@angular/forms/fesm2022/forms.mjs",
      "file": "@angular_forms.js",
      "fileHash": "b6483ec5",
      "needsInterop": false
    },
    "@angular/platform-browser": {
      "src": "../../../../../node_modules/@angular/platform-browser/fesm2022/platform-browser.mjs",
      "file": "@angular_platform-browser.js",
      "fileHash": "60d4213c",
      "needsInterop": false
    },
    "@angular/platform-server": {
      "src": "../../../../../node_modules/@angular/platform-server/fesm2022/platform-server.mjs",
      "file": "@angular_platform-server.js",
      "fileHash": "70bb50d5",
      "needsInterop": false
    },
    "@angular/router": {
      "src": "../../../../../node_modules/@angular/router/fesm2022/router.mjs",
      "file": "@angular_router.js",
      "fileHash": "7f73ef92",
      "needsInterop": false
    }
  },
  "chunks": {
    "chunk-32ZH2GDL": {
      "file": "chunk-32ZH2GDL.js"
    },
    "chunk-JSJJBCXC": {
      "file": "chunk-JSJJBCXC.js"
    },
    "chunk-ADPK4N2K": {
      "file": "chunk-ADPK4N2K.js"
    },
    "chunk-OWLUMR7K": {
      "file": "chunk-OWLUMR7K.js"
    },
    "xhr2-AQ42KH57": {
      "file": "xhr2-AQ42KH57.js"
    },
    "chunk-NQ4HTGF6": {
      "file": "chunk-NQ4HTGF6.js"
    }
  }
}