{
  "hash": "a1f85aee",
  "configHash": "af7f66b9",
  "lockfileHash": "9327125a",
  "browserHash": "48a4664a",
  "optimized": {
    "@angular/core": {
      "src": "../../../../../node_modules/@angular/core/fesm2022/core.mjs",
      "file": "@angular_core.js",
      "fileHash": "388a7ced",
      "needsInterop": false
    },
    "@angular/platform-browser": {
      "src": "../../../../../node_modules/@angular/platform-browser/fesm2022/platform-browser.mjs",
      "file": "@angular_platform-browser.js",
      "fileHash": "461701ab",
      "needsInterop": false
    },
    "@angular/router": {
      "src": "../../../../../node_modules/@angular/router/fesm2022/router.mjs",
      "file": "@angular_router.js",
      "fileHash": "a50fca6a",
      "needsInterop": false
    }
  },
  "chunks": {
    "chunk-2WPYQJ2V": {
      "file": "chunk-2WPYQJ2V.js"
    },
    "chunk-LRQ54M6E": {
      "file": "chunk-LRQ54M6E.js"
    }
  }
}