{
  "hash": "d4e8c9ed",
  "configHash": "7834e684",
  "lockfileHash": "88c5a31a",
  "browserHash": "9f385aed",
  "optimized": {
    "@angular/core": {
      "src": "../../../../../node_modules/@angular/core/fesm2022/core.mjs",
      "file": "@angular_core.js",
      "fileHash": "12e1db24",
      "needsInterop": false
    },
    "@angular/platform-browser": {
      "src": "../../../../../node_modules/@angular/platform-browser/fesm2022/platform-browser.mjs",
      "file": "@angular_platform-browser.js",
      "fileHash": "7f7d2920",
      "needsInterop": false
    },
    "@angular/router": {
      "src": "../../../../../node_modules/@angular/router/fesm2022/router.mjs",
      "file": "@angular_router.js",
      "fileHash": "2c5db2ff",
      "needsInterop": false
    }
  },
  "chunks": {
    "chunk-2WPYQJ2V": {
      "file": "chunk-2WPYQJ2V.js"
    },
    "chunk-LRQ54M6E": {
      "file": "chunk-LRQ54M6E.js"
    }
  }
}