{
  "hash": "5e697099",
  "configHash": "bab5860d",
  "lockfileHash": "88c5a31a",
  "browserHash": "df7ab653",
  "optimized": {
    "@angular/core": {
      "src": "../../../../../node_modules/@angular/core/fesm2022/core.mjs",
      "file": "@angular_core.js",
      "fileHash": "b54b1317",
      "needsInterop": false
    },
    "@angular/platform-browser": {
      "src": "../../../../../node_modules/@angular/platform-browser/fesm2022/platform-browser.mjs",
      "file": "@angular_platform-browser.js",
      "fileHash": "f7d14d14",
      "needsInterop": false
    },
    "@angular/platform-server": {
      "src": "../../../../../node_modules/@angular/platform-server/fesm2022/platform-server.mjs",
      "file": "@angular_platform-server.js",
      "fileHash": "19b5e5f1",
      "needsInterop": false
    },
    "@angular/router": {
      "src": "../../../../../node_modules/@angular/router/fesm2022/router.mjs",
      "file": "@angular_router.js",
      "fileHash": "e8dfc1ae",
      "needsInterop": false
    }
  },
  "chunks": {
    "chunk-HSEZHTNC": {
      "file": "chunk-HSEZHTNC.js"
    },
    "chunk-VAMGWXBZ": {
      "file": "chunk-VAMGWXBZ.js"
    },
    "xhr2-AQ42KH57": {
      "file": "xhr2-AQ42KH57.js"
    },
    "chunk-NQ4HTGF6": {
      "file": "chunk-NQ4HTGF6.js"
    }
  }
}